user_id,first_name,last_name,email,contact,location_id
1,Kasusra,Laksmiwati,kasusra.laksmiwati@gmail.com,+62 (066) 594-3978,3578
2,Irma,Saptono,irma.saptono@yahoo.com,(0015) 937-7123,3174
3,Rafi,Rahimah,rafi.rahimah@yahoo.com,+62-088-528-6898,3573
4,Ganda,Hutapea,ganda.hutapea@hotmail.com,0830496815,3171
5,Darmana,Puspasari,darmana.puspasari@yahoo.com,0801493260,3175
6,Amalia,Pangestu,amalia.pangestu@yahoo.com,(0774) 171 5002,1375
7,Intan,Nainggolan,intan.nainggolan@hotmail.com,086 801 9512,3171
8,Laila,Damanik,laila.damanik@hotmail.com,084 753 4942,3273
9,Humaira,Sihotang,humaira.sihotang@yahoo.com,+62 (014) 561-7281,3578
10,Kayun,Pratiwi,kayun.pratiwi@hotmail.com,+62 (0386) 315-0693,7371
11,Indah,Purwanti,indah.purwanti@hotmail.com,084 639 3115,3175
12,Pranata,Sitompul,pranata.sitompul@gmail.com,+62 (068) 976 3236,3173
13,Zelda,Laksita,zelda.laksita@yahoo.com,+62 (090) 506-3568,3578
14,Fitriani,Wasita,fitriani.wasita@yahoo.com,+62 (242) 961-5391,3471
15,Bagiya,Hutasoit,bagiya.hutasoit@hotmail.com,+62-39-653-8575,3175
16,Simon,Firgantoro,simon.firgantoro@hotmail.com,+62-79-189-8302,3171
17,Harto,Wahyuni,harto.wahyuni@gmail.com,+62 (63) 479-5791,3173
18,Ratna,Suryatmi,ratna.suryatmi@yahoo.com,0855984161,3173
19,Perkasa,Hidayat,perkasa.hidayat@gmail.com,082 907 8561,1375
20,Cengkir,Kurniawan,cengkir.kurniawan@yahoo.com,+62-073-111-2806,3273
21,Lukita,Mardhiyah,lukita.mardhiyah@gmail.com,(0875) 180-7366,3174
22,Atma,Sitompul,atma.sitompul@hotmail.com,+62 (950) 422 4490,3173
23,Bahuraksa,Mandasari,bahuraksa.mandasari@gmail.com,+62-981-205-5988,3273
24,Ifa,Natsir,ifa.natsir@hotmail.com,080 469 0113,3171
25,Maimunah,Adriansyah,maimunah.adriansyah@gmail.com,0805530718,3172
26,Kamila,Rahimah,kamila.rahimah@yahoo.com,+62 (0288) 211 0299,3172
27,Pranata,Kusumo,pranata.kusumo@hotmail.com,+62-320-135-6738,3578
28,Putu,Hakim,putu.hakim@gmail.com,(0372) 586 2843,3175
29,Omar,Palastri,omar.palastri@yahoo.com,+62 (262) 151 5939,5171
30,Eluh,Sudiati,eluh.sudiati@yahoo.com,(059) 204 5183,3471
31,Tirta,Hidayat,tirta.hidayat@yahoo.com,+62 (34) 827-3670,1375
32,Hamzah,Manullang,hamzah.manullang@hotmail.com,+62-43-660-6123,3174
33,Zulfa,Mulyani,zulfa.mulyani@gmail.com,+62-059-534-4750,3273
34,Banawi,Dabukke,banawi.dabukke@hotmail.com,+62 (080) 419-7521,5171
35,Citra,Suartini,citra.suartini@gmail.com,+62 (053) 777-2838,3171
36,Nasab,Rahimah,nasab.rahimah@gmail.com,+62 (022) 816 5464,3273
37,Ridwan,Hariyah,ridwan.hariyah@yahoo.com,0888345684,3171
38,Makara,Januar,makara.januar@gmail.com,+62-04-198-0415,3172
39,Agus,Sitorus,agus.sitorus@yahoo.com,(051) 536-4459,3573
40,Cahyadi,Gunawan,cahyadi.gunawan@gmail.com,0881416619,3471
41,Simon,Usada,simon.usada@yahoo.com,+62 (0354) 003-5235,6472
42,Daru,Andriani,daru.andriani@hotmail.com,+62 (72) 929-8689,5171
43,Najam,Damanik,najam.damanik@gmail.com,+62-713-796-0372,5171
44,Cengkal,Saptono,cengkal.saptono@yahoo.com,+62-79-225-0432,1371
45,Elisa,Thamrin,elisa.thamrin@hotmail.com,+62-0199-278-5973,3573
46,Cecep,Rahayu,cecep.rahayu@yahoo.com,(032) 768 9700,6472
47,Lanjar,Astuti,lanjar.astuti@hotmail.com,(0511) 709-1552,7371
48,Pangeran,Kuswandari,pangeran.kuswandari@yahoo.com,+62-0063-415-2160,3175
49,Yessi,Permadi,yessi.permadi@gmail.com,(0613) 876 0674,3172
50,Martaka,Napitupulu,martaka.napitupulu@gmail.com,+62-616-325-5523,7371
51,Karta,Sirait,karta.sirait@gmail.com,080 799 1965,1375
52,Karsana,Hariyah,karsana.hariyah@hotmail.com,+62 (092) 502 8005,3578
53,Hasna,Mardhiyah,hasna.mardhiyah@hotmail.com,(0391) 289-8929,3471
54,Zelda,Aryani,zelda.aryani@yahoo.com,(038) 992-4493,3173
55,Radika,Santoso,radika.santoso@gmail.com,0830254857,5171
56,Raden,Maryati,raden.maryati@gmail.com,(078) 702 6526,3173
57,Hardana,Pratama,hardana.pratama@yahoo.com,+62 (55) 475-1818,3578
58,Hasan,Sihombing,hasan.sihombing@hotmail.com,(039) 777-5389,1375
59,Zalindra,Winarno,zalindra.winarno@gmail.com,(071) 000-9996,3172
60,Balamantri,Prabowo,balamantri.prabowo@gmail.com,(0282) 744-8045,3471
61,Bancar,Hassanah,bancar.hassanah@hotmail.com,+62-28-944-8993,3578
62,Edward,Wahyuni,edward.wahyuni@yahoo.com,(0297) 549 9781,1375
63,Salman,Tarihoran,salman.tarihoran@gmail.com,+62 (789) 849-1842,3273
64,Ivan,Wulandari,ivan.wulandari@gmail.com,(077) 357-6535,3174
65,Yessi,Prastuti,yessi.prastuti@hotmail.com,+62-0217-550-0573,3172
66,Luluh,Suryatmi,luluh.suryatmi@gmail.com,+62 (947) 644 5122,3172
67,Wulan,Astuti,wulan.astuti@gmail.com,+62 (24) 255 3213,3174
68,Makuta,Manullang,makuta.manullang@yahoo.com,+62 (026) 051-2763,3175
69,Wadi,Handayani,wadi.handayani@yahoo.com,+62 (0213) 742-5693,3471
70,Kemal,Sihombing,kemal.sihombing@yahoo.com,+62-12-412-9484,1375
71,Chelsea,Tamba,chelsea.tamba@gmail.com,(049) 498 3201,7371
72,Yono,Manullang,yono.manullang@yahoo.com,+62 (0548) 338-9699,3471
73,Bagus,Mangunsong,bagus.mangunsong@hotmail.com,+62-94-992-0837,3273
74,Genta,Simbolon,genta.simbolon@yahoo.com,+62 (089) 343 0895,3573
75,Bahuwarna,Utama,bahuwarna.utama@gmail.com,+62 (82) 220 4102,6471
76,Kawaya,Sudiati,kawaya.sudiati@hotmail.com,+62-0183-512-9773,6471
77,Mitra,Nasyidah,mitra.nasyidah@yahoo.com,+62-020-470-4268,3171
78,Samiah,Maulana,samiah.maulana@hotmail.com,+62-14-953-4275,3471
79,Daryani,Suryono,daryani.suryono@yahoo.com,(096) 902-9557,1375
80,Chelsea,Sihotang,chelsea.sihotang@yahoo.com,+62 (087) 613 2553,6471
81,Putri,Suryatmi,putri.suryatmi@hotmail.com,(0188) 494 6806,3175
82,Vega,Kusmawati,vega.kusmawati@hotmail.com,+62 (260) 671-7946,3172
83,Radika,Usamah,radika.usamah@yahoo.com,(054) 287-9213,1371
84,Sakti,Nugroho,sakti.nugroho@hotmail.com,+62 (420) 784-3317,1371
85,Genta,Zulkarnain,genta.zulkarnain@gmail.com,(0408) 079 4905,3173
86,Garda,Aryani,garda.aryani@hotmail.com,(0709) 809 7410,1371
87,Cengkal,Maheswara,cengkal.maheswara@gmail.com,082 291 3221,6472
88,Cahyo,Nainggolan,cahyo.nainggolan@yahoo.com,+62-288-065-5005,3471
89,Ikhsan,Palastri,ikhsan.palastri@yahoo.com,+62-083-854-0895,3174
90,Leo,Saptono,leo.saptono@gmail.com,+62-18-326-5004,1375
91,Fitria,Yuniar,fitria.yuniar@gmail.com,+62-517-786-0362,3173
92,Pangestu,Gunawan,pangestu.gunawan@yahoo.com,+62-038-386-7259,3174
93,Anggabaya,Agustina,anggabaya.agustina@gmail.com,(0477) 856 8318,3471
94,Heru,Andriani,heru.andriani@gmail.com,0837084881,3471
95,Asirwada,Permadi,asirwada.permadi@yahoo.com,+62-003-208-9020,3172
96,Yance,Nababan,yance.nababan@hotmail.com,+62-74-602-4839,3175
97,Galar,Nasyidah,galar.nasyidah@gmail.com,+62 (0152) 356-0320,3173
98,Baktiono,Pradipta,baktiono.pradipta@yahoo.com,083 648 9800,5171
99,Maman,Yulianti,maman.yulianti@gmail.com,(0904) 110 6433,1375
100,Septi,Novitasari,septi.novitasari@hotmail.com,+62 (014) 020 6410,3173
101,Wasis,Puspasari,wasis.puspasari@hotmail.com,+62 (923) 995 1483,1375
102,Jelita,Adriansyah,jelita.adriansyah@gmail.com,(009) 612-8134,3273
103,Edward,Anggriawan,edward.anggriawan@hotmail.com,+62-008-859-4802,7371
104,Kawaca,Maryati,kawaca.maryati@hotmail.com,085 375 2761,6472
105,Ira,Adriansyah,ira.adriansyah@yahoo.com,+62 (0818) 942 4354,3578
106,Cecep,Nuraini,cecep.nuraini@gmail.com,083 766 6770,3471
107,Simon,Halim,simon.halim@hotmail.com,(012) 281-5653,6472
108,Nadia,Damanik,nadia.damanik@gmail.com,(084) 781-4850,5171
109,Gangsa,Usamah,gangsa.usamah@yahoo.com,+62-020-776-0812,6471
110,Balijan,Irawan,balijan.irawan@gmail.com,+62 (228) 389-2247,3471
111,Kawaya,Sihombing,kawaya.sihombing@hotmail.com,+62 (0743) 192 3483,3174
112,Carub,Maryadi,carub.maryadi@gmail.com,(0572) 177-9787,6471
113,Erik,Waskita,erik.waskita@gmail.com,+62-62-642-7708,6472
114,Lili,Rajata,lili.rajata@gmail.com,(028) 684 5277,3471
115,Putri,Yuliarti,putri.yuliarti@yahoo.com,+62-078-822-6145,3173
116,Wage,Nashiruddin,wage.nashiruddin@yahoo.com,+62 (0041) 253-6356,3173
117,Raihan,Saptono,raihan.saptono@gmail.com,+62 (66) 000 8344,5171
118,Panji,Permadi,panji.permadi@gmail.com,0876413129,6472
119,Umi,Wijaya,umi.wijaya@yahoo.com,0803930698,3578
120,Niyaga,Pertiwi,niyaga.pertiwi@yahoo.com,+62 (032) 724 1508,3175
121,Opan,Nuraini,opan.nuraini@gmail.com,0864635461,3173
122,Wadi,Nasyiah,wadi.nasyiah@hotmail.com,084 437 9706,1375
123,Bakidin,Agustina,bakidin.agustina@yahoo.com,(0028) 390-8139,3175
124,Warta,Waskita,warta.waskita@gmail.com,+62 (023) 532-8007,3578
125,Cahya,Tarihoran,cahya.tarihoran@yahoo.com,+62-007-303-2572,3172
126,Adhiarja,Saefullah,adhiarja.saefullah@yahoo.com,+62-26-156-9856,6472
127,Latif,Putra,latif.putra@gmail.com,+62-646-018-8668,7371
128,Kezia,Usada,kezia.usada@hotmail.com,(0802) 997 7961,3174
129,Diah,Iswahyudi,diah.iswahyudi@gmail.com,0870176216,3578
130,Uda,Wibisono,uda.wibisono@yahoo.com,(038) 273 3855,3173
131,Dipa,Sitorus,dipa.sitorus@gmail.com,+62 (68) 132 8854,6471
132,Dewi,Lailasari,dewi.lailasari@hotmail.com,+62 (588) 905 4824,3172
133,Enteng,Mardhiyah,enteng.mardhiyah@yahoo.com,(0498) 330 0039,6471
134,Elvin,Mardhiyah,elvin.mardhiyah@hotmail.com,(0958) 432-5394,3573
135,Asirwada,Purnawati,asirwada.purnawati@yahoo.com,+62 (0538) 227 4785,3173
136,Kawaya,Halimah,kawaya.halimah@hotmail.com,+62 (64) 081 5769,3471
137,Shakila,Prasetyo,shakila.prasetyo@hotmail.com,+62 (354) 433 1865,1371
138,Rosman,Putra,rosman.putra@gmail.com,+62 (0546) 241 4509,6471
139,Kanda,Mulyani,kanda.mulyani@yahoo.com,087 632 5279,1371
140,Alambana,Lailasari,alambana.lailasari@hotmail.com,+62-70-544-9436,3171
141,Ajeng,Manullang,ajeng.manullang@gmail.com,+62 (684) 167 6247,1371
142,Darman,Maryadi,darman.maryadi@gmail.com,(072) 207-6486,3471
143,Prayitna,Simbolon,prayitna.simbolon@hotmail.com,+62 (087) 144 8220,5171
144,Cakrawangsa,Tarihoran,cakrawangsa.tarihoran@gmail.com,+62-65-512-5853,6471
145,Emong,Mangunsong,emong.mangunsong@hotmail.com,+62-042-874-6218,3573
146,Kasiyah,Dabukke,kasiyah.dabukke@gmail.com,088 734 5006,3172
147,Prakosa,Halim,prakosa.halim@gmail.com,+62 (0652) 416-7589,3173
148,Salsabila,Hastuti,salsabila.hastuti@hotmail.com,+62 (34) 833-4789,3175
149,Karna,Permata,karna.permata@gmail.com,+62 (52) 205 5250,1375
150,Puspa,Napitupulu,puspa.napitupulu@hotmail.com,+62 (019) 161 4783,3578
151,Padmi,Mustofa,padmi.mustofa@yahoo.com,+62-457-001-6576,3273
152,Estiono,Rajata,estiono.rajata@yahoo.com,+62-72-656-2285,1375
153,Elvin,Pangestu,elvin.pangestu@gmail.com,+62 (051) 756-9233,3175
154,Hana,Firmansyah,hana.firmansyah@hotmail.com,+62 (055) 111 5008,3573
155,Okto,Prasetya,okto.prasetya@hotmail.com,(0568) 647 8362,7371
156,Kamal,Napitupulu,kamal.napitupulu@gmail.com,086 601 3288,1375
157,Dagel,Melani,dagel.melani@yahoo.com,+62-0195-759-9492,3471
158,Taufan,Suartini,taufan.suartini@gmail.com,(0110) 605 2982,6471
159,Viktor,Budiyanto,viktor.budiyanto@yahoo.com,(043) 409-5211,3171
160,Tomi,Usamah,tomi.usamah@yahoo.com,(081) 641-7815,3471
161,Usman,Maheswara,usman.maheswara@yahoo.com,(0025) 953-0130,6472
162,Atmaja,Melani,atmaja.melani@hotmail.com,(0747) 832-6812,5171
163,Imam,Sihombing,imam.sihombing@hotmail.com,+62-98-533-0818,3273
164,Rahmi,Rahimah,rahmi.rahimah@hotmail.com,+62 (073) 759 7476,3471
165,Azalea,Waskita,azalea.waskita@gmail.com,(0945) 856 8795,3173
166,Mariadi,Yuliarti,mariadi.yuliarti@gmail.com,087 170 8859,7371
167,Oskar,Prastuti,oskar.prastuti@gmail.com,+62 (053) 158-5225,3175
168,Rafid,Nashiruddin,rafid.nashiruddin@hotmail.com,+62-008-184-8983,3573
169,Karen,Sihombing,karen.sihombing@yahoo.com,+62 (0385) 528 3626,3172
170,Cagak,Hakim,cagak.hakim@yahoo.com,+62 (0920) 738-0868,3573
171,Dariati,Anggriawan,dariati.anggriawan@yahoo.com,0899346276,3471
172,Dagel,Widiastuti,dagel.widiastuti@hotmail.com,+62 (91) 783-0727,3174
173,Wira,Farida,wira.farida@hotmail.com,+62 (0675) 922-6482,3573
174,Ridwan,Mayasari,ridwan.mayasari@gmail.com,+62-0809-581-7064,3173
175,Eja,Marbun,eja.marbun@hotmail.com,(097) 767-4967,3175
176,Bambang,Namaga,bambang.namaga@gmail.com,+62-035-987-3915,6471
177,Kenzie,Melani,kenzie.melani@yahoo.com,(028) 724-7626,1375
178,Simon,Aryani,simon.aryani@gmail.com,+62 (022) 628 7422,1371
179,Mustika,Haryanti,mustika.haryanti@gmail.com,(0759) 238-6674,3471
180,Dimas,Hidayanto,dimas.hidayanto@gmail.com,+62 (99) 339-6667,3573
181,Ajimin,Maryadi,ajimin.maryadi@yahoo.com,+62 (054) 559 6474,3273
182,Cinta,Utami,cinta.utami@hotmail.com,084 054 4778,3172
183,Vega,Prastuti,vega.prastuti@yahoo.com,(0947) 460 6544,3174
184,Vanesa,Rahmawati,vanesa.rahmawati@yahoo.com,(0232) 397-3475,3471
185,Upik,Tamba,upik.tamba@hotmail.com,+62-67-685-7071,1371
186,Jindra,Firmansyah,jindra.firmansyah@yahoo.com,+62 (32) 015-9035,3171
187,Eman,Utama,eman.utama@yahoo.com,+62-228-667-3466,3174
188,Betania,Halim,betania.halim@yahoo.com,+62-02-408-1230,3172
189,Lintang,Marbun,lintang.marbun@gmail.com,(048) 117 3520,3172
190,Genta,Laksmiwati,genta.laksmiwati@gmail.com,+62 (515) 892-6989,3471
191,Praba,Hartati,praba.hartati@yahoo.com,(003) 739 6237,3173
192,Zaenab,Prakasa,zaenab.prakasa@yahoo.com,+62-028-432-1281,1371
193,Murti,Mulyani,murti.mulyani@gmail.com,+62-60-333-9253,5171
194,Darsirah,Budiyanto,darsirah.budiyanto@hotmail.com,+62 (60) 505-9841,3175
195,Prima,Haryanti,prima.haryanti@hotmail.com,(0217) 798-5717,6472
196,Kajen,Anggriawan,kajen.anggriawan@hotmail.com,+62-930-087-8419,1375
197,Timbul,Iswahyudi,timbul.iswahyudi@hotmail.com,+62-082-295-1244,7371
198,Clara,Suryono,clara.suryono@hotmail.com,+62 (36) 540 3298,3175
199,Oskar,Ramadan,oskar.ramadan@yahoo.com,0845796766,3171
200,Gasti,Winarsih,gasti.winarsih@hotmail.com,080 702 3843,3172
201,Okto,Kurniawan,okto.kurniawan@hotmail.com,(0747) 135 0650,3174
202,Kartika,Handayani,kartika.handayani@yahoo.com,(0353) 605 6991,1371
203,Malik,Puspasari,malik.puspasari@yahoo.com,088 712 7004,3578
204,Tantri,Maryati,tantri.maryati@hotmail.com,+62-886-913-0567,3174
205,Anastasia,Wahyuni,anastasia.wahyuni@gmail.com,(0504) 339-4462,6472
206,Unggul,Halim,unggul.halim@yahoo.com,+62 (80) 023-0488,6471
207,Ulya,Agustina,ulya.agustina@yahoo.com,+62-283-849-2194,6472
208,Emin,Wibisono,emin.wibisono@gmail.com,+62 (077) 135 9025,7371
209,Melinda,Palastri,melinda.palastri@hotmail.com,(027) 638-3729,3573
210,Ophelia,Sihombing,ophelia.sihombing@yahoo.com,+62 (0303) 848-9065,7371
211,Sabar,Megantara,sabar.megantara@gmail.com,+62 (447) 275-6728,3173
212,Jarwadi,Nasyiah,jarwadi.nasyiah@gmail.com,+62 (089) 831 0386,3578
213,Nalar,Mardhiyah,nalar.mardhiyah@hotmail.com,+62 (0508) 220-7135,3171
214,Chelsea,Kuswoyo,chelsea.kuswoyo@hotmail.com,+62 (058) 898-7736,3171
215,Indah,Puspita,indah.puspita@hotmail.com,(089) 761-1529,3173
216,Lala,Kuswandari,lala.kuswandari@gmail.com,+62 (51) 810 4822,1371
217,Wahyu,Saptono,wahyu.saptono@hotmail.com,+62-088-815-3342,3171
218,Viman,Hariyah,viman.hariyah@hotmail.com,(0932) 899 1789,3471
219,Genta,Nainggolan,genta.nainggolan@gmail.com,+62-54-507-9933,3171
220,Cahya,Palastri,cahya.palastri@gmail.com,0858985604,3171
221,Mahesa,Saputra,mahesa.saputra@yahoo.com,+62-0857-382-4108,3573
222,Lidya,Damanik,lidya.damanik@yahoo.com,(098) 004-5605,1375
223,Fathonah,Prasetyo,fathonah.prasetyo@gmail.com,(0078) 273-4349,3172
224,Ratih,Hidayanto,ratih.hidayanto@gmail.com,+62-945-433-7466,3172
225,Sarah,Agustina,sarah.agustina@hotmail.com,+62 (824) 633 4286,3175
226,Emil,Siregar,emil.siregar@hotmail.com,+62-004-679-7027,3175
227,Jaswadi,Wulandari,jaswadi.wulandari@hotmail.com,(033) 898 7314,3471
228,Harjo,Nuraini,harjo.nuraini@yahoo.com,+62 (030) 448 6268,3172
229,Marsudi,Thamrin,marsudi.thamrin@gmail.com,+62-895-529-2168,6471
230,Lembah,Prasetya,lembah.prasetya@gmail.com,+62 (0188) 543-7414,3171
231,Ani,Suwarno,ani.suwarno@gmail.com,(004) 682-3250,3471
232,Ghaliyati,Nurdiyanti,ghaliyati.nurdiyanti@gmail.com,+62-42-277-0515,3573
233,Dimas,Mandasari,dimas.mandasari@hotmail.com,+62-87-923-2605,3578
234,Halima,Palastri,halima.palastri@hotmail.com,+62 (74) 323 2406,7371
235,Bakiman,Astuti,bakiman.astuti@hotmail.com,(013) 829-5769,5171
236,Queen,Nurdiyanti,queen.nurdiyanti@gmail.com,+62-293-622-7461,1371
237,Elisa,Samosir,elisa.samosir@yahoo.com,(0062) 762 3817,3573
238,Puspa,Lailasari,puspa.lailasari@yahoo.com,+62-073-315-9286,3175
239,Panji,Puspita,panji.puspita@yahoo.com,+62 (327) 516-6475,3573
240,Dimaz,Marbun,dimaz.marbun@gmail.com,(0855) 253 4722,5171
241,Dartono,Pertiwi,dartono.pertiwi@gmail.com,+62 (0907) 148 7611,3173
242,Cawisono,Haryanto,cawisono.haryanto@gmail.com,082 642 5534,6472
243,Reza,Halim,reza.halim@yahoo.com,+62-0331-576-6976,5171
244,Ratna,Laksita,ratna.laksita@hotmail.com,+62 (274) 699 1754,3471
245,Iriana,Maryati,iriana.maryati@hotmail.com,+62-33-336-6709,6472
246,Tomi,Situmorang,tomi.situmorang@hotmail.com,0820241952,5171
247,Bakiadi,Megantara,bakiadi.megantara@hotmail.com,(0843) 207 2340,1375
248,Juli,Siregar,juli.siregar@yahoo.com,+62 (0060) 784-9706,3174
249,Rudi,Hidayanto,rudi.hidayanto@gmail.com,+62 (220) 255 0071,3171
250,Leo,Maulana,leo.maulana@hotmail.com,0801490452,3471
251,Maida,Nainggolan,maida.nainggolan@yahoo.com,0823020233,3174
252,Narji,Halim,narji.halim@gmail.com,(033) 820 4592,6471
253,Hari,Purwanti,hari.purwanti@gmail.com,+62-094-131-4794,3171
254,Amelia,Mulyani,amelia.mulyani@yahoo.com,+62-044-431-5086,1371
255,Najam,Zulkarnain,najam.zulkarnain@yahoo.com,+62-75-645-4209,3171
256,Daliono,Simanjuntak,daliono.simanjuntak@gmail.com,+62 (899) 853 6364,6472
257,Wakiman,Mustofa,wakiman.mustofa@gmail.com,+62 (416) 618-1739,3273
258,Imam,Padmasari,imam.padmasari@yahoo.com,+62 (933) 143 4334,1371
259,Tirta,Permata,tirta.permata@yahoo.com,+62-44-392-6605,1371
260,Silvia,Mayasari,silvia.mayasari@gmail.com,0862027376,3172
261,Kenes,Thamrin,kenes.thamrin@gmail.com,+62-358-434-7962,7371
262,Rahayu,Fujiati,rahayu.fujiati@gmail.com,(0246) 878-2166,3173
263,Aurora,Rahmawati,aurora.rahmawati@yahoo.com,0856233411,3471
264,Gasti,Rajasa,gasti.rajasa@yahoo.com,+62-133-902-4607,3173
265,Karna,Oktaviani,karna.oktaviani@gmail.com,+62 (73) 830 4384,6471
266,Lantar,Pratiwi,lantar.pratiwi@hotmail.com,+62-46-002-2045,1375
267,Diana,Puspita,diana.puspita@gmail.com,+62-83-037-5049,6472
268,Dalimin,Maheswara,dalimin.maheswara@yahoo.com,+62 (67) 286-5997,3578
269,Cemplunk,Wahyuni,cemplunk.wahyuni@gmail.com,(040) 788-1674,6471
270,Mitra,Adriansyah,mitra.adriansyah@yahoo.com,(016) 247-8562,3171
271,Kalim,Nasyiah,kalim.nasyiah@gmail.com,(0985) 950-9197,3172
272,Irnanto,Hasanah,irnanto.hasanah@yahoo.com,+62-740-031-3043,3174
273,Gaduh,Mandasari,gaduh.mandasari@hotmail.com,+62 (068) 381-3042,3471
274,Tania,Pertiwi,tania.pertiwi@yahoo.com,+62 (012) 643-5319,1375
275,Sabri,Rahayu,sabri.rahayu@hotmail.com,+62 (0738) 347 6309,5171
276,Damar,Hariyah,damar.hariyah@yahoo.com,+62 (464) 927-4136,6471
277,Victoria,Latupono,victoria.latupono@gmail.com,(0401) 398-0356,1375
278,Warsa,Simanjuntak,warsa.simanjuntak@gmail.com,+62 (47) 900-1364,3172
279,Nabila,Megantara,nabila.megantara@gmail.com,+62 (218) 445 1070,3173
280,Raisa,Siregar,raisa.siregar@gmail.com,+62-005-630-8249,6472
281,Legawa,Putra,legawa.putra@gmail.com,+62 (076) 821-8422,1371
282,Wira,Aryani,wira.aryani@yahoo.com,+62 (083) 862 1437,1371
283,Ika,Prasetya,ika.prasetya@hotmail.com,+62 (023) 885-9845,3273
284,Murti,Usamah,murti.usamah@gmail.com,0848611028,6472
285,Asmianto,Susanti,asmianto.susanti@gmail.com,+62 (42) 619 4153,3172
286,Raisa,Zulkarnain,raisa.zulkarnain@hotmail.com,(090) 367 0211,3471
287,Jaka,Yuniar,jaka.yuniar@hotmail.com,+62 (12) 810 9951,1375
288,Mariadi,Maheswara,mariadi.maheswara@gmail.com,+62 (145) 503 8897,3578
289,Warsa,Ardianto,warsa.ardianto@yahoo.com,+62-0759-207-9539,3175
290,Ilyas,Sihombing,ilyas.sihombing@hotmail.com,+62 (55) 082-8793,3173
291,Prabu,Sihombing,prabu.sihombing@hotmail.com,+62-029-948-5999,3173
292,Kariman,Oktaviani,kariman.oktaviani@hotmail.com,+62-0311-848-9009,7371
293,Eko,Ramadan,eko.ramadan@gmail.com,+62-41-893-2377,7371
294,Indah,Kusumo,indah.kusumo@hotmail.com,+62 (04) 368-5800,3273
295,Yoga,Pertiwi,yoga.pertiwi@yahoo.com,(0107) 518-2315,7371
296,Kayun,Waskita,kayun.waskita@gmail.com,(054) 133 2491,1375
297,Yessi,Uwais,yessi.uwais@yahoo.com,+62 (02) 202-2994,3578
298,Asmadi,Kurniawan,asmadi.kurniawan@yahoo.com,+62 (64) 137 8684,6472
299,Rika,Wacana,rika.wacana@gmail.com,081 779 6866,3171
300,Ellis,Kuswoyo,ellis.kuswoyo@yahoo.com,+62 (060) 617 7831,1375
301,Nasim,Napitupulu,nasim.napitupulu@gmail.com,+62 (0820) 587-2840,6471
302,Iriana,Hidayat,iriana.hidayat@yahoo.com,+62-91-473-1621,1375
303,Yono,Puspasari,yono.puspasari@gmail.com,(0421) 419-8704,3273
304,Nasrullah,Waskita,nasrullah.waskita@gmail.com,+62-13-640-9149,3573
305,Raina,Yulianti,raina.yulianti@yahoo.com,+62-815-791-7928,3573
306,Ajiman,Permata,ajiman.permata@gmail.com,(0020) 024 6671,3171
307,Budi,Yuniar,budi.yuniar@gmail.com,+62 (0561) 813-8838,3573
308,Ajimat,Pangestu,ajimat.pangestu@gmail.com,+62 (0285) 803 1089,6472
309,Gatra,Nuraini,gatra.nuraini@gmail.com,(020) 730-2083,3173
310,Salwa,Sirait,salwa.sirait@hotmail.com,(022) 844-5549,7371
311,Taufik,Wahyuni,taufik.wahyuni@hotmail.com,+62 (127) 587 5293,7371
312,Gaman,Saputra,gaman.saputra@gmail.com,(042) 627 4096,6472
313,Jais,Thamrin,jais.thamrin@hotmail.com,+62 (086) 313-3677,1375
314,Muhammad,Pradipta,muhammad.pradipta@gmail.com,+62 (469) 745 3381,1375
315,Karsana,Mustofa,karsana.mustofa@gmail.com,086 397 8744,3471
316,Kajen,Hastuti,kajen.hastuti@hotmail.com,+62 (27) 122-2828,5171
317,Ismail,Ardianto,ismail.ardianto@hotmail.com,+62 (20) 337-6072,3578
318,Luluh,Palastri,luluh.palastri@gmail.com,+62 (680) 568 9268,3173
319,Puji,Hastuti,puji.hastuti@gmail.com,+62 (0921) 601-7217,3273
320,Omar,Maryati,omar.maryati@hotmail.com,0833765586,3173
321,Gaiman,Damanik,gaiman.damanik@gmail.com,+62-75-178-7420,3573
322,Baktiadi,Halimah,baktiadi.halimah@hotmail.com,(066) 953-7776,1375
323,Jayadi,Suryono,jayadi.suryono@gmail.com,+62 (0901) 790-0367,6471
324,Atmaja,Nashiruddin,atmaja.nashiruddin@gmail.com,(0706) 740 0719,6471
325,Tari,Prastuti,tari.prastuti@gmail.com,+62 (0657) 901-3404,3172
326,Kajen,Samosir,kajen.samosir@yahoo.com,0841079724,3172
327,Laksana,Maryadi,laksana.maryadi@hotmail.com,0876708452,3171
328,Balijan,Saptono,balijan.saptono@yahoo.com,(021) 131 4552,6471
329,Tedi,Prastuti,tedi.prastuti@gmail.com,+62 (92) 827 0349,3172
330,Kemal,Samosir,kemal.samosir@gmail.com,+62-44-167-1625,3273
331,Julia,Wastuti,julia.wastuti@yahoo.com,(0251) 917-5501,3174
332,Michelle,Thamrin,michelle.thamrin@hotmail.com,+62-0933-273-0108,3171
333,Vanesa,Hutapea,vanesa.hutapea@hotmail.com,+62-0059-176-7370,6471
334,Kuncara,Hutagalung,kuncara.hutagalung@yahoo.com,(0871) 381-2037,3273
335,Vero,Kusmawati,vero.kusmawati@yahoo.com,+62-0314-261-8138,6472
336,Cakrabirawa,Saragih,cakrabirawa.saragih@gmail.com,+62 (0841) 293-3277,3172
337,Hafshah,Hariyah,hafshah.hariyah@yahoo.com,+62-75-622-1218,3175
338,Mutia,Farida,mutia.farida@gmail.com,+62-0313-301-8878,6471
339,Najib,Mulyani,najib.mulyani@yahoo.com,+62 (087) 986-2849,3471
340,Maras,Mansur,maras.mansur@gmail.com,(0379) 931 8506,6472
341,Kardi,Nababan,kardi.nababan@yahoo.com,+62-0188-850-8500,3578
342,Patricia,Hasanah,patricia.hasanah@hotmail.com,+62-62-660-1482,6472
343,Edison,Agustina,edison.agustina@gmail.com,+62 (633) 529 3431,3171
344,Sakti,Situmorang,sakti.situmorang@gmail.com,+62 (053) 756 1601,7371
345,Himawan,Usamah,himawan.usamah@gmail.com,+62-0457-133-4025,3172
346,Cemplunk,Safitri,cemplunk.safitri@gmail.com,+62 (0470) 946-3971,1371
347,Rika,Prakasa,rika.prakasa@hotmail.com,(085) 967 6162,7371
348,Tira,Marpaung,tira.marpaung@yahoo.com,(0288) 937 2741,3175
349,Febi,Jailani,febi.jailani@yahoo.com,+62-591-340-9773,7371
350,Nyana,Prayoga,nyana.prayoga@hotmail.com,(0787) 033-9927,3171
351,Sakura,Prakasa,sakura.prakasa@gmail.com,+62 (233) 455-4365,5171
352,Baktiadi,Pranowo,baktiadi.pranowo@gmail.com,+62 (0242) 578-6030,3573
353,Tina,Rahimah,tina.rahimah@gmail.com,+62-421-078-9242,7371
354,Ciaobella,Pratiwi,ciaobella.pratiwi@hotmail.com,+62-24-273-9824,6472
355,Nadine,Hariyah,nadine.hariyah@yahoo.com,+62 (019) 901 5682,1371
356,Nyana,Wahyuni,nyana.wahyuni@yahoo.com,+62-82-363-5522,3573
357,Umi,Nasyiah,umi.nasyiah@hotmail.com,+62-092-263-0363,3172
358,Jamalia,Zulaika,jamalia.zulaika@yahoo.com,+62 (17) 689-4796,3273
359,Adinata,Pranowo,adinata.pranowo@yahoo.com,(012) 698-7630,1371
360,Karta,Simbolon,karta.simbolon@hotmail.com,+62 (549) 529-4252,3175
361,Unjani,Hakim,unjani.hakim@hotmail.com,+62 (40) 862-8015,3175
362,Dina,Wasita,dina.wasita@hotmail.com,(0342) 916-2294,3573
363,Endra,Winarno,endra.winarno@hotmail.com,(047) 554 2536,3173
364,Latika,Sinaga,latika.sinaga@hotmail.com,+62-853-407-6971,1371
365,Taswir,Wibisono,taswir.wibisono@gmail.com,+62-17-185-4151,6472
366,Asman,Irawan,asman.irawan@yahoo.com,(0969) 945-3985,3174
367,Nasab,Rajasa,nasab.rajasa@yahoo.com,(086) 951 4894,6472
368,Gamanto,Adriansyah,gamanto.adriansyah@yahoo.com,+62-0263-162-2064,3273
369,Oni,Nababan,oni.nababan@yahoo.com,+62 (0833) 469 8036,1375
370,Jaeman,Hastuti,jaeman.hastuti@yahoo.com,(0481) 680-7213,3175
371,Titin,Rahmawati,titin.rahmawati@gmail.com,(0641) 730 1043,3471
372,Gilda,Astuti,gilda.astuti@gmail.com,+62 (0387) 346-8577,3175
373,Cakrawangsa,Gunawan,cakrawangsa.gunawan@yahoo.com,+62 (033) 340 3993,3171
374,Artawan,Zulkarnain,artawan.zulkarnain@hotmail.com,(001) 955-9575,7371
375,Banara,Sinaga,banara.sinaga@gmail.com,(057) 946-5455,6471
376,Nurul,Marpaung,nurul.marpaung@gmail.com,+62-098-513-4671,6472
377,Indra,Oktaviani,indra.oktaviani@hotmail.com,(069) 998 3844,3172
378,Nalar,Salahudin,nalar.salahudin@yahoo.com,(061) 991 4084,7371
379,Jumadi,Januar,jumadi.januar@hotmail.com,+62 (080) 975 7460,5171
380,Laras,Padmasari,laras.padmasari@gmail.com,+62-020-655-7689,5171
381,Damar,Maulana,damar.maulana@hotmail.com,+62 (042) 045 6430,5171
382,Utama,Suryono,utama.suryono@hotmail.com,(051) 170-0562,5171
383,Lalita,Wastuti,lalita.wastuti@yahoo.com,+62 (82) 014-7137,7371
384,Prabu,Wulandari,prabu.wulandari@gmail.com,082 854 6192,3471
385,Shakila,Kuswoyo,shakila.kuswoyo@hotmail.com,+62 (663) 993 6549,3173
386,Widya,Budiman,widya.budiman@gmail.com,+62 (41) 440-4353,3175
387,Rendy,Hakim,rendy.hakim@gmail.com,085 622 6662,3471
388,Warsa,Pratiwi,warsa.pratiwi@gmail.com,+62-0163-772-8146,1375
389,Vino,Firmansyah,vino.firmansyah@yahoo.com,+62 (934) 641-9461,3578
390,Cagak,Habibi,cagak.habibi@hotmail.com,(079) 275 2299,3175
391,Uchita,Marbun,uchita.marbun@gmail.com,+62 (047) 238-8500,3171
392,Muni,Wahyudin,muni.wahyudin@hotmail.com,+62-095-670-6630,3273
393,Gaduh,Maheswara,gaduh.maheswara@hotmail.com,(0595) 704 2852,3172
394,Melinda,Kusmawati,melinda.kusmawati@yahoo.com,+62 (737) 226-5588,3172
395,Ian,Maheswara,ian.maheswara@yahoo.com,+62-0572-052-7254,3174
396,Rachel,Latupono,rachel.latupono@yahoo.com,+62 (29) 873-0181,6471
397,Agus,Budiman,agus.budiman@gmail.com,(0138) 714 1325,3174
398,Nyana,Purwanti,nyana.purwanti@gmail.com,(0245) 199 1938,3171
399,Hafshah,Mardhiyah,hafshah.mardhiyah@gmail.com,+62-58-545-0312,3273
400,Mulya,Sihotang,mulya.sihotang@yahoo.com,(0662) 507-1792,3573
